Date,Year,Month,Quarter,Revenue,Revenue Growth,Gross Profit Margin,EBITDA Margin,Operating Cost Ratio,Net Profit Margin,Operating Cash Flow,Working Capital Ratio,Production Volume,Capacity Utilisation,Production Yield,Overall Equipment Effectiveness (OEE),Production Downtime,Defect Rate,Scrap Rate,On-Time Production,Inventory Turnover,Energy Intensity,Customer Satisfaction,Net Promoter Score,Customer Complaints,Complaint Resolution Rate,On-Time Delivery,Order Fulfilment Rate,Customer Retention,Market Share,Scope 1 GHG Emissions,Scope 2 GHG Emissions,Energy Consumption,Renewable Energy Share,Water Consumption,Production Waste,Waste Recycling Rate,GHG Intensity,Lost-Time Injury Rate,Employee Training Hours,Total Employees,Employee Turnover,Employee Absenteeism,Training Hours per Employee,Employee Engagement,Female Workforce Representation,Internal Promotion Rate,Lost-Time Injuries,Safety Training Completion,Employee Productivity,Regulatory Compliance Rate,Internal Audit Issues,High-Risk Issues Outstanding,Issues Closed on Time,Ethics Training Completion,Reportable Compliance Incidents,Data Privacy Incidents,Supplier Compliance Rate,Board Meeting Attendance,Gross Profit,EBITDA,Operating Costs,Profit After Tax,Current Assets,Current Liabilities,Available Capacity,Total Material Input,Good Output,Availability %,Performance %,Quality %,Defective Units,Scrap Material,Total Orders,Orders on Schedule,Average Inventory,Resolved Complaints,Total Deliveries,On-Time Deliveries,Orders Fulfilled,Total Customers,Total Market Sales,Renewable Energy,Recycled Waste,Total Hours Worked,Female Employees,Internal Promotions,Issues Closed on Time (count)
2024-01-01,2024,1,1,13584576.04,,38.4000000047112,15.099999984983,29.4000000312119,7.49999997791613,1972992.35,1.38647415647258,768907,73.7559256481043,88.1000174762372,55.4296101,137.19,6.99993627317738,7.19999975727448,76.5,0.920352979134372,0.00138627948503525,70.9,13.6,45,64.4444444444444,78.393351800554,82.5,,12.1677994671992,144.94,204.7,1065.92,6.99958721104773,14149.26,56.13,29.3069659718511,0.000454723393076146,4.18938096659492,1271,519,14.8,6.1,2.44894026974952,60.8,28.131021194605,1.15606936416185,4,70.1,1481.51637764933,85.3,6,4,50.0,72.1,2,1,68.5,79.0,5216477.2,2051270.98,3993865.36,1018843.2,45214192.96,32610916.51,1042502,823976,725923,81.7,75.3,90.1,53823,59326.27,400,306,9092271.15,29,361,283,330,318,111643654.85,74.61,16.45,190959,146,6,3
2024-02-01,2024,2,1,14561390.66,7.19061542387304,36.3000000028843,13.3000000152458,29.9000000182675,7.5999999989012,1903373.58,1.35505420503587,822410,77.4857754466166,87.6999803106815,60.1730304,182.09,4.6999671696599,6.79999977237782,79.1348600508906,1.07915815032359,0.0013520506803176,71.0,18.6,38,76.3157894736842,75.2631578947369,82.6972010178117,99.0566037735849,12.921397018967,162.78,220.78,1111.94,5.00026979873015,16390.43,73.21,27.701133724901,0.00046638537955521,1.05944548623251,1253,513,15.1,7.0,2.44249512670565,58.8,29.6296296296296,1.364522417154,1,70.8,1603.13840155945,88.4,3,1,66.6666666666667,73.6,1,0,64.0,83.4,5285784.81,1936664.96,4353855.81,1106665.69,44244520.41,32651476.41,1061369,878649,770575,81.7,82.2,89.6,38653,59748.13,393,311,8595223.83,29,380,286,325,315,112692076.86,55.6,20.28,188778,152,7,2
2024-03-01,2024,3,1,14596540.35,0.241389650348131,35.5999999684857,14.1000000044531,31.0000000102764,5.60000000274038,2100649.72,1.41010214255488,840474,80.2879182289303,88.6000067355943,57.3511138,177.15,5.79994146160381,5.69999989136138,79.2079207920792,1.07899001197221,0.00121613518086223,73.6,11.2,47,68.0851063829787,78.0246913580247,91.0891089108911,96.1904761904762,12.4944665433524,147.64,221.47,1022.13,7.59981607036287,15268.32,74.01,25.7938116470747,0.000439168849958476,2.1144554748538402,1618,522,13.1,6.2,3.09961685823755,59.3,28.9272030651341,0.957854406130268,2,67.6,1610.10344827586,88.4,4,2,50.0,74.9,1,1,64.4,82.5,5196368.36,2058112.19,4524927.51,817406.26,43771162.2,31041128.78,1046825,920483,815548,85.3,75.8,88.7,48747,52467.53,404,320,8712010.2,32,405,316,368,303,116824038.06,77.68,19.09,189174,151,5,2
2024-04-01,2024,4,2,15058620.75,3.16568439452161,33.3999999966796,13.899999971777,28.9000000215823,8.59999997011678,2070791.7,1.3312798340786,832914,77.8859586946724,88.4000500223891,57.8682624,207.29,5.69998823407939,7.10000040340636,79.3103448275862,1.09749010641213,0.00118108232062374,67.8,21.6,41,73.1707317073171,79.9031476997579,87.5862068965517,104.620462046205,12.4064507081604,164.4,208.38,983.74,8.59983328928376,16818.42,77.29,33.4972182688576,0.000447561212802282,2.04910684555369,1314,519,15.9,5.9,2.53179190751445,63.9,29.6724470134875,0.770712909441233,2,70.7,1604.84393063584,90.5,10,6,60.0,73.8,3,2,66.6,84.4,5029579.33,2093148.28,4351941.4,1295041.38,44049875.53,33088366.85,1069402,991556,876536,83.2,77.8,89.4,47476,70400.48,435,345,9138161.12,30,413,330,381,317,121377347.19,84.6,25.89,195207,154,4,6
2024-05-01,2024,5,2,16357266.9,8.62393821824619,37.5000000152837,13.7000000287334,29.7000000042794,7.50000001528373,2084206.14,1.42441837879036,979625,92.4228586955086,86.2000459740882,60.4848508,148.59,4.60002551996938,6.29999951091395,78.0399274047187,1.25337923335434,0.000976802347837183,72.1,20.1,35,68.5714285714286,76.0820045558087,84.573502722323,100.315457413249,14.1636361337513,158.43,191.37,956.9,7.59954018183718,14976.89,74.87,37.7988513423267,0.000357075411509506,5.09004285816087,1469,523,13.9,7.8,2.80879541108987,64.7,30.9751434034417,1.52963671128107,5,68.0,1873.0879541109,88.7,3,2,66.6666666666667,75.9,1,1,65.6,83.6,6133975.09,2240945.57,4858108.27,1226795.02,45496766.26,31940591.99,1059938,1022315,881236,83.6,80.3,90.1,45063,64405.84,551,430,8156583.05,24,439,334,466,318,115487765.61,72.72,28.3,196462,162,8,2
2024-06-01,2024,6,2,16689090.77,2.02860216213749,36.3000000029361,13.1999999901732,30.8000000170171,7.89999999502669,1994021.1,1.38775343709502,917311,88.091003551255,88.800045377281,63.134799,138.71,4.89997394558661,5.89999981702709,80.5369127516779,1.26497848606832,0.00102362230475815,75.0,21.7,39,69.2307692307692,72.5701943844493,85.4586129753915,104.40251572327,14.2657876874136,147.31,212.46,938.98,10.599799782743,14729.3,72.57,33.8983050847458,0.000392200682211376,2.03687767021932,1123,522,15.4,5.5,2.15134099616858,64.2,29.6934865900383,1.14942528735632,2,76.8,1757.30076628352,92.7,5,3,60.0,70.6,4,1,66.8,87.4,6058139.95,2202959.98,5140239.96,1318438.17,45890826.92,33068429.66,1041322,1093058,970636,84.3,82.3,91.0,44948,64490.42,447,360,8404056.62,27,463,336,382,332,116986815.84,99.53,24.6,196379,155,6,3
2024-07-01,2024,7,3,16922302.23,1.39738864875262,37.5000000221601,14.8999999865858,30.1999999795536,6.49999997074866,1930753.92,1.33758221794439,933628,87.0347634535805,90.3999835429969,59.8148005,132.07,5.70002185024442,5.9000001959167,78.9247311827957,1.2329193652717,0.000890815185491438,73.2,22.5,49,77.5510204081633,77.3672055427252,89.4623655913979,99.3975903614458,14.0645714584331,153.92,193.4,831.69,13.4004256393608,14005.23,71.93,36.4938134297233,0.000372011122202847,5.13399733032139,1067,529,15.6,6.0,2.01701323251418,64.6,31.9470699432892,0.756143667296786,5,76.5,1764.89224952741,87.8,14,2,57.1428571428571,72.0,1,1,69.4,85.0,6345863.34,2521423.03,5110535.27,1099949.64,43660447.45,32641318.69,1072707,1020842,922841,80.5,79.3,93.7,53217,60229.68,465,367,8578370.32,38,433,335,416,330,120318648.03,111.45,26.25,194780,169,4,8
2024-08-01,2024,8,3,16399203.81,-3.09117762400347,38.6999999727426,15.1000000285989,28.1999999730475,7.30000001140299,1857492.67,1.4003213511437,923185,87.3837640751482,89.7000131311403,63.336249,123.46,5.70004928589611,6.0,82.004555808656,1.27218527955474,0.000984493898839344,73.4,24.6,47,78.7234042553192,80.1418439716312,87.6993166287016,97.8787878787879,14.2589591538813,142.4,193.07,908.87,11.9004918195121,14002.03,72.1,34.6047156726768,0.00036338328720679,5.09569719328999,733,525,14.5,6.4,1.39619047619048,64.8,31.047619047619,0.571428571428571,5,72.3,1758.44761904762,86.9,4,2,75.0,71.9,1,0,69.8,80.5,6346491.87,2476279.78,4624575.47,1197141.88,45284449.06,32338612.15,1056472,1005244,901704,84.9,81.0,92.1,52622,60314.64,439,360,7901924.43,37,423,339,385,323,115009823.88,108.16,24.95,196244,163,3,3
2024-09-01,2024,9,3,15853579.43,-3.3271394533635,38.4999999965308,16.0000000075693,28.3000000082631,6.49999998139222,1717385.95,1.36551660619425,874020,82.7892323416219,89.9999607941536,62.8986393,96.89,4.80000457655431,6.10000039205846,80.5825242718447,1.1572122060542,0.00105068533900826,73.1,15.7,49,77.5510204081633,78.2178217821782,88.1067961165049,99.0712074303406,14.8031872642896,146.84,186.62,918.32,14.0996602491506,12269.37,58.26,32.4922760041195,0.000381524450241413,4.06107862248213,967,532,13.7,5.5,1.81766917293233,65.6,32.5187969924812,0.75187969924812,4,70.3,1642.89473684211,91.7,4,5,75.0,77.5,3,0,71.9,88.3,6103628.08,2536572.71,4486562.98,1030482.66,45494519.69,33316709.21,1055717,1020256,918230,81.3,83.1,93.1,41953,62235.62,412,332,8425378.94,38,404,316,363,320,107095716.26,129.48,18.93,196992,173,4,3
2024-10-01,2024,10,4,14662224.72,-7.51473643703187,38.700000022916,16.5999999759927,27.5999999814489,8.4999999918157,1652998.23,1.33679399181645,854658,79.9886567197704,86.5000223393323,62.7216318,146.35,4.80004867444054,6.0,83.0734966592428,0.974211130282892,0.00106703500113496,76.5,20.1,53,75.4716981132076,80.7594936708861,89.086859688196,104.6875,13.7774516738212,135.81,209.4,911.95,12.7002576895663,12570.28,50.93,40.1924209699588,0.000403915952345851,1.01589365625206,1047,527,15.7,7.0,1.98671726755218,65.7,30.1707779886148,0.189753320683112,1,70.2,1621.74193548387,93.6,14,0,64.2857142857143,74.1,4,2,71.2,84.5,5674280.97,2433929.3,4046774.02,1246289.1,45608080.94,34117508.92,1068474,940046,813140,86.3,77.4,93.9,41024,56402.76,449,373,9225868.47,40,395,319,400,335,106421891.85,115.82,20.47,196871,159,1,9
2024-11-01,2024,11,4,14353759.82,-2.10380693169461,38.0999999901071,15.6999999878777,28.4000000078028,9.99999998606637,2212687.34,1.50013723932037,815854,75.7724413865866,87.10000891093691,58.190274,118.02,4.90001887592633,5.09999988720333,80.8857808857809,0.966208299324835,0.0012341546404136,75.3,22.3,37,70.2702702702703,81.5642458100559,88.8111888111888,103.582089552239,11.7254169995899,133.31,219.56,1006.89,16.8002463029725,12620.22,57.5,35.095652173913,0.000432516111951403,6.2111801242236,803,524,14.4,6.2,1.5324427480916,64.5,29.5801526717557,0.954198473282443,6,75.7,1556.97328244275,91.8,8,4,62.5,76.6,3,1,73.5,85.2,5468782.49,2253540.29,4076467.79,1435375.98,48126781.21,32081585.57,1076716,886551,772186,85.5,74.3,91.6,39977,45214.1,429,347,9195716.22,26,358,292,381,347,122415772.68,169.16,20.18,193200,155,5,5
2024-12-01,2024,12,4,14624844.0,1.88859353507003,40.2999999863246,15.0999999726493,30.5999999726493,9.5,1921088.51,1.42694370775702,834100,77.6329444395322,88.3999941133386,66.9085303,138.46,3.70003596691044,5.69999988679497,83.4146341463415,0.97286593112796,0.00130336890061144,77.6,30.6,28,85.7142857142857,76.5,88.7804878048781,98.8472622478386,13.2682327334767,145.49,199.48,1087.14,14.4001692514304,14091.56,61.05,37.5921375921376,0.000413583503177077,3.03422607007039,907,535,15.1,4.5,1.69532710280374,67.6,31.214953271028,0.747663551401869,3,77.2,1559.06542056075,90.8,3,0,66.6666666666667,78.5,1,0,73.8,87.8,5893812.13,2208351.44,4475202.26,1389360.18,46505846.31,32591227.01,1074415,883353,780884,88.3,84.1,90.1,30862,50351.12,410,342,8974547.87,24,400,306,364,343,110224506.11,156.55,22.95,197744,167,4,2
2025-01-01,2025,1,1,15136504.02,3.49856736933399,35.8000000055495,15.400000006078,29.1999999746309,10.2999999731774,1785270.25,1.3946742648613,834960,79.1059369244412,89.9999555958154,63.0648303,154.61,4.79999041870269,5.69999977797908,83.6538461538462,1.14307740683865,0.00118919469196129,79.5,23.3,43,81.3953488372093,77.7158774373259,88.7019230769231,101.457725947522,12.921703666363,143.0,198.85,992.93,18.40008862659,13860.13,59.4,39.8989898989899,0.000409420810577752,3.09640662011735,1248,531,11.0,7.1,2.35028248587571,66.6,32.9566854990584,0.753295668549906,3,80.1,1572.42937853107,93.7,6,4,66.6666666666667,74.1,0,0,67.5,87.6,5418868.44,2331021.62,4419859.17,1559059.91,45233092.35,32432728.91,1055496,900816,810734,85.7,79.9,92.1,40078,51346.51,416,348,8501292.67,35,359,279,369,348,117140157.45,182.7,23.7,193773,175,4,4
2025-02-01,2025,2,1,15553459.71,2.75463666807787,39.0000000199313,14.2000000075867,29.9999999807117,7.80000001684513,2102256.5,1.51872406719618,912354,86.1404507589598,91.1999880210829,66.425766,142.04,5.80005129587857,5.5,83.5585585585586,1.1070886932766,0.00113501995935788,77.7,24.3,58,75.8620689655172,81.3238770685579,89.1891891891892,97.1264367816092,12.09907192708,149.11,195.61,1035.54,19.3000753230199,15057.92,75.28,44.1950053134963,0.000377835796193144,4.10351106665641,1182,537,11.4,6.6,2.20111731843575,66.9,30.5400372439479,0.931098696461825,4,81.1,1698.98324022346,91.3,9,2,66.6666666666667,74.5,0,2,76.3,85.3,6065849.29,2208591.28,4666037.91,1213169.86,47798223.69,31472618.84,1059147,934976,852698,87.6,81.1,93.5,52917,51423.68,444,371,8569873.83,44,423,344,396,338,128550849.22,199.86,33.27,194955,164,5,6
2025-03-01,2025,3,1,16961340.91,9.05188444404309,40.7999999924534,14.699999977773,28.8999999823717,7.99999998349187,2364310.88,1.33941086845424,896868,83.1660031880357,89.3000234278521,70.26656,172.82,3.69998706610114,5.79999960291776,83.5073068893528,1.10460242890707,0.00118068656703105,75.4,18.5,32,84.375,78.2710280373832,88.3089770354906,103.550295857988,13.8482279153232,146.87,179.0,1058.92,20.5001322101764,14539.19,67.77,45.4035709015789,0.000363342208663928,2.00520350309052,1525,530,14.5,5.3,2.87735849056604,63.0,32.4528301886792,1.50943396226415,2,77.1,1692.20377358491,86.8,6,4,50.0,80.7,3,0,73.3,87.8,6920227.09,2493317.11,4901827.52,1356907.27,44125662.5,32944082.76,1078407,1007348,899562,88.9,83.2,95.0,33184,58426.18,479,400,9090251.44,27,428,335,423,350,122480226.45,217.08,30.77,199481,172,8,3
2025-04-01,2025,4,2,18185568.47,7.21775221956787,38.9999999818538,16.6999999753101,28.4000000248549,7.90000000478401,2349349.03,1.36787939649677,978434,90.5456890959349,90.6000339657126,68.7204,181.96,4.69995932275452,5.59999982028724,85.9154929577465,1.22058671540482,0.00101633835291905,78.4,26.1,34,76.4705882352941,80.4819277108434,87.3239436619718,102.285714285714,13.2078167474494,156.88,168.38,994.42,18.3001146396895,15529.77,74.44,41.6039763567974,0.000332429167424681,1.02498398462524,1191,532,14.2,6.4,2.2387218045112802,70.0,30.8270676691729,0.56390977443609,1,78.2,1839.16165413534,89.1,7,3,71.4285714285714,80.4,3,0,72.8,85.9,7092371.7,3036989.93,5164701.45,1436659.91,45429188.12,33211398.78,1080597,1112887,1008276,90.0,84.0,90.9,45986,62321.67,497,427,9088413.49,26,415,334,434,358,137687922.37,181.98,30.97,195125,164,3,5
2025-05-01,2025,5,2,18693246.67,2.79165427705765,40.6999999749107,16.6000000148717,27.799999977211,7.19999999871611,2088694.7,1.39573486046616,983933,91.8867101664066,91.4000297625005,66.5562268,168.68,5.10004238093447,6.50000043512428,84.9484536082474,1.22297759001697,0.000953154330630236,77.4,22.7,28,82.1428571428571,81.5513626834382,93.4020618556701,100.279329608939,15.7580880468408,147.61,180.33,937.84,21.4002388467116,14793.68,81.83,48.6007576683368,0.00033329505159396,3.05105948040457,1782,537,14.3,6.0,3.31843575418994,71.0,33.8919925512104,1.30353817504656,3,79.7,1832.27746741155,95.1,8,4,75.0,78.1,1,2,74.0,87.7,7608151.39,3103078.95,5196722.57,1345913.76,47838239.17,34274589.34,1070811,1149097,1050275,86.2,84.2,91.7,50181,74691.31,485,412,9064021.59,23,477,389,453,359,118626362.63,200.7,39.77,196653,182,7,6
2025-06-01,2025,6,2,19593897.83,4.81805635960185,38.6999999989282,17.7999999809124,27.9999999877513,8.80000000489949,1821820.9,1.32716144655083,1018452,94.9316152557682,89.300011329733,69.3316416,137.66,3.30000824781138,4.5,84.2942345924453,1.28862460510103,0.000895182099892779,82.7,25.1,24,83.3333333333333,84.0354767184035,93.6381709741551,97.7715877437326,15.2350561308639,144.23,184.28,911.7,21.0003290556104,15661.45,69.2,46.3005780346821,0.000322558156889083,1.02250011503126,1316,541,8.6,4.1,2.43253234750462,68.5,34.9353049907579,0.369685767097967,1,81.8,1882.53604436229,93.7,1,2,100.0,85.4,0,2,67.9,91.5,7582838.46,3487713.81,5486291.39,1724263.01,46248893.29,34847978.3,1072827,1165076,1040413,89.7,83.2,92.9,33609,52428.42,503,424,9320836.59,20,451,379,471,351,128610604.79,191.46,32.04,195599,189,2,1
2025-07-01,2025,7,3,18033115.1,-7.96565718338237,35.6999999961183,16.299999992791,27.8999999839185,12.3999999866912,2320509.59,1.50840229392354,959230,88.4044654286865,89.1000003580521,65.2403052,144.3,3.30004274261647,5.60000035805205,88.8421052631579,1.36067842366617,0.000968943840371965,80.1,32.1,30,86.6666666666667,82.2072072072072,93.0526315789474,108.547008547009,15.1585621176177,133.69,188.47,929.44,20.3003959373386,13659.32,62.63,46.4952897972218,0.000335852715198649,1.99835136012789,1213,542,14.0,5.7,2.2380073800738,69.8,30.6273062730627,0.738007380073801,2,79.0,1769.79704797048,94.8,4,1,75.0,81.3,1,1,77.9,91.6,6437822.09,2939397.76,5031239.11,2236106.27,47870951.42,31736196.38,1085047,1117156,995386,85.4,84.6,90.3,31655,62560.74,475,422,8521699.77,26,444,365,442,381,118963229.89,188.68,29.12,200165,166,4,3
2025-08-01,2025,8,3,18304940.51,1.50736801984922,39.4999999920786,16.8000000236002,26.5000000264956,9.50000000846766,1890080.6,1.48284642614047,932260,85.2072325517841,91.7000310114835,69.9342336,138.84,4.29998069208161,5.90000046285796,88.8675623800384,1.26058053319241,0.000995108660674061,71.4,25.5,37,86.4864864864865,85.2422907488987,91.362763915547,97.1128608923885,16.344295250037,132.86,182.81,927.7,22.9998922065323,13527.64,58.56,48.4972677595628,0.000338607255486667,0.989555244395406,1074,538,12.1,4.8,1.99628252788104,68.9,31.4126394052045,0.929368029739777,1,80.5,1732.82527881041,93.6,6,4,66.6666666666667,82.6,1,2,78.0,87.9,7230451.5,3075230.01,4850809.24,1738969.35,48225779.46,32522436.99,1094109,1080245,990585,87.6,86.4,92.4,40087,63734.46,521,463,8785229.28,32,454,387,476,370,111995899.67,213.37,28.4,202111,169,5,4
2025-09-01,2025,9,3,16454581.31,-10.1085234283561,36.4000000192044,16.1999999865083,28.2000000035249,9.80000000984528,1794744.38,1.47424534859915,1004523,94.5865171395884,92.9999806039917,69.5597584,115.22,4.39999880540316,4.89999972291417,89.0688259109312,1.12859253360022,0.000867207619935034,80.5,30.1,31,83.8709677419355,81.9004524886878,90.080971659919,98.6486486486487,14.4427833347363,123.31,194.01,871.13,20.6995511576917,12838.17,61.49,47.8939664986177,0.000315891223993876,1.04271481228527,1185,540,15.5,5.1,2.19444444444444,70.1,32.5925925925926,0.555555555555556,1,84.6,1860.22777777778,91.1,5,4,80.0,80.5,2,1,73.3,89.5,5989467.6,2665642.17,4640191.93,1612548.97,46393673.14,31469438.37,1062015,1082697,1006908,85.9,85.6,94.6,44199,53052.15,494,440,9272712.16,26,442,362,445,365,113929434.02,180.32,29.45,191807,176,3,4
2025-10-01,2025,10,4,17067484.42,3.72481741378323,41.4999999748059,16.0000000164055,27.1000000127728,8.100000011601,2065261.64,1.40575312113766,914654,86.7255865199265,92.5000270302946,71.1831288,108.89,2.90000371725264,4.89999970512406,89.532293986637,0.9757845156879,0.000989073463845345,77.8,27.2,34,85.2941176470588,87.3762376237624,89.532293986637,105.205479452055,14.8038162021142,119.18,168.29,904.66,21.2997148099839,12665.9,56.29,50.2042991650382,0.000314293711064512,3.95585268404605,918,544,10.3,6.2,1.6875,70.2,33.6397058823529,0.919117647058824,4,85.6,1681.34926470588,94.0,3,4,66.6666666666667,85.1,0,3,81.6,95.2,7083006.03,2730797.51,4625288.28,1382466.24,47064226.55,33479724.03,1054653,1017377,941074,90.3,84.4,93.4,26525,49851.47,449,402,10232257.46,29,404,353,402,384,115291112.69,192.69,28.26,202232,183,5,2
2025-11-01,2025,11,4,15080482.36,-11.6420323646032,41.8000000233414,16.6999999726799,26.6000000148536,11.4000000063658,1840035.9,1.56547041542078,890184,82.6955019229697,92.8999609317771,69.7836156,128.13,4.39998921571271,5.60000040696066,87.5816993464052,0.967862503423061,0.00102490047001519,80.3,36.1,38,81.5789473684211,81.2807881773399,91.2854030501089,96.6145833333333,12.3368535465013,125.26,174.13,912.35,22.5998794322354,12354.07,54.67,49.4969818913481,0.000336323726330736,0.993714754179813,1225,536,11.2,5.2,2.28544776119403,72.2,33.3955223880597,0.373134328358209,1,82.4,1660.79104477612,92.8,6,6,66.6666666666667,85.4,1,1,79.2,90.4,6303641.63,2518440.55,4011408.31,1719174.99,47557266.62,30378898.35,1076460,982896,913110,87.8,83.4,95.3,39168,55042.18,459,402,9068272.3,31,406,330,419,371,122239291.43,206.19,27.06,201265,179,2,4
2025-12-01,2025,12,4,15536833.97,3.02610751503841,38.5999999844241,15.0000000289634,25.6999999981335,7.39999997567072,2237869.98,1.45684325758782,874300,79.8255032576621,91.8999475517766,69.9366276,136.53,4.90003431316482,4.10000021320416,87.8850102669405,1.04831894039727,0.00116233558275192,78.3,28.8,28,85.7142857142857,88.8127853881279,89.9383983572895,100.269541778976,13.8195770150281,151.95,162.36,1016.23,26.0000196805841,11997.42,62.26,48.2010921940251,0.000359499027793664,1.00965227575623,1256,545,10.1,4.6,2.3045871559633,69.4,40.0,0.55045871559633,1,87.7,1604.22018348624,92.8,5,2,80.0,88.2,1,1,79.5,89.4,5997217.91,2330525.1,3992966.33,1149725.71,47485644.49,32594889.15,1095264,938068,862084,90.3,83.1,93.2,42841,38460.79,487,428,9099917.68,24,438,389,438,372,112426262.78,264.22,30.01,198088,218,3,4
2026-01-01,2026,1,1,16451096.37,5.884483297983,42.0000000279617,19.4000000256518,26.2000000064433,9.50000002948132,2234075.68,1.53681429666906,880006,79.4713385862326,92.2000236434567,72.09941,114.23,2.09998568191581,3.8,85.2731591448931,1.14583045991651,0.00118459419594866,79.9,24.7,33,81.8181818181818,87.3170731707317,92.1615201900238,106.720430107527,12.8728792536899,123.06,160.33,1042.45,24.3004460645595,14245.11,64.09,56.0929942268685,0.000322031895237078,0.996949335034794,1108,546,10.0,5.7,2.02930402930403,74.1,35.3479853479854,0.915750915750916,1,90.3,1611.7326007326,96.0,3,1,66.6666666666667,87.6,5,3,82.4,92.0,6909460.48,3191512.7,4310187.25,1562854.16,50407032.38,32799689.91,1107325,972785,896908,89.5,85.7,94.0,18480,36965.83,421,359,8327266.75,27,410,358,388,397,127796556.2,253.32,35.95,200612,193,5,2
2026-02-01,2026,2,1,16829040.82,2.29738153311907,36.400000009032,16.1999999831244,24.3999999995246,9.50000001247843,2301425.83,1.67760848837202,979051,90.5107349939354,93.2999944768087,69.8406768,169.51,3.70001154178894,4.50000046806706,90.983606557377,1.28263926589443,0.0011260802552676,81.0,32.2,28,85.7142857142857,89.0625,94.0573770491803,96.9773299748111,12.6845570459409,133.65,178.48,1102.49,28.1998022657802,15733.79,81.83,55.6030795551754,0.0003188087239582,2.98941746218387,1422,553,11.2,4.8,2.57142857142857,71.1,34.7197106690778,0.54249547920434,3,86.5,1770.43580470163,99.4,8,4,75.0,89.0,0,1,79.4,91.2,6125770.86,2726304.61,4106285.96,1598758.88,52897917.16,31531741.48,1081696,1068223,996652,87.6,84.1,94.8,36225,48070.04,488,444,8344723.45,24,448,399,459,385,132673460.8,310.9,45.5,200708,192,3,6
2026-03-01,2026,3,1,17421087.87,3.51800828301753,39.8999999992538,16.2999999838701,26.8000000048217,8.50000000602718,2442086.09,1.52348053888737,998983,91.0214345914672,95.1999590905604,76.5106776,134.11,3.99996796742287,3.19999981060445,85.7425742574257,1.27002090416624,0.00107083904330704,82.7,36.8,23,95.6521739130435,90.4458598726115,93.8613861386139,103.116883116883,12.9357407733002,137.58,163.51,1069.75,26.39962608086,15805.84,64.18,57.8996572140854,0.000301396520261106,1.99801197808181,1608,545,9.5,5.4,2.95045871559633,73.7,35.4128440366973,0.917431192660551,2,89.4,1832.99633027523,95.5,5,3,80.0,90.7,0,2,77.0,92.2,6951014.06,2839637.32,4668851.55,1480792.47,49423074.04,32440896.21,1097525,1055991,1005303,89.8,88.2,96.6,39959,33791.71,505,433,8244016.91,22,471,426,474,397,134674064.48,282.41,37.16,200199,193,5,4
2026-04-01,2026,4,2,19779511.82,13.5377535983922,38.0999999827094,15.800000012336,28.7999999789681,10.0999999806871,2574911.45,1.48710967847545,991221,90.5144475786163,93.9000411821918,73.533792,132.65,3.90003843744231,3.1,88.0294659300184,1.30622862855417,0.00101888478956761,80.0,38.9,29,89.6551724137931,81.7635270541082,94.8434622467772,97.9848866498741,14.357820213009,151.69,172.97,1009.94,29.2997603818049,15910.01,77.73,57.9055705647755,0.000327535433571323,1.98503285229371,1919,548,8.5,3.9,3.50182481751825,73.6,35.9489051094891,1.27737226277372,2,90.3,1808.79744525547,94.2,7,1,85.7142857142857,85.9,0,2,84.6,93.4,7535994.0,3125162.87,5696499.4,1997730.69,49771498.6,33468613.19,1095097,1141270,1071653,91.5,86.6,92.8,38658,35379.37,543,478,9373181.35,26,499,408,515,389,137761244.58,295.91,45.01,201508,197,7,6
2026-05-01,2026,5,2,19569229.11,-1.0631339737484,39.5000000079206,17.300000020287,25.9000000026061,7.79999999703616,2233220.05,1.51433270687365,1094751,101.264194086676,92.8999784176674,72.7138125,165.37,2.69997469744262,3.60000016166541,88.468809073724,1.13684540850267,0.000880373710551532,82.1,34.9,39,87.1794871794872,88.2599580712788,93.5727788279773,104.884318766067,14.8411328904893,147.74,163.14,963.79,26.9996576017597,13972.25,65.08,55.1936078672403,0.00028397325053825,0.0,1611,554,8.1,4.1,2.90794223826715,69.1,34.6570397111913,0.902527075812274,0,87.9,1976.08483754513,96.5,2,1,100.0,91.0,2,0,85.5,93.9,7729845.5,3385476.64,5068430.34,1526399.87,50236174.97,33173803.05,1081084,1237123,1149287,88.5,87.5,93.9,29558,44536.43,529,468,10414242.36,34,477,421,495,408,131858054.6,260.22,35.92,203827,192,5,2
2026-06-01,2026,6,2,20147253.41,2.95374077717056,39.9999999801462,16.7999999857052,26.199999983025,10.299999993895,2845917.87,1.57582750579491,1092011,99.2365586707524,93.7000081014333,73.0517697,102.92,3.89996071468145,2.89999991648007,90.1303538175047,1.28242383288124,0.000812107204048311,81.2,36.7,19,84.2105263157895,88.3040935672515,94.413407821229,100.735294117647,15.3547361834473,144.11,172.04,886.83,30.6000022552237,14079.93,70.08,51.8978310502283,0.000289511735687644,0.983255164547752,1400,543,11.1,3.2,2.57826887661142,77.8,35.1749539594844,1.47329650092081,1,87.6,2011.06998158379,93.9,2,3,50.0,90.2,1,0,77.8,95.0,8058901.36,3384738.57,5278580.39,2075167.1,52437643.45,33276258.51,1100412,1197319,1121888,89.7,83.7,97.3,42588,34722.25,537,484,9426175.45,16,513,453,507,411,131211980.26,271.37,36.37,203406,191,8,1
2026-07-01,2026,7,3,20280862.62,0.66316339642447,40.0000000098615,19.8999999931956,25.9000000070017,10.0999999772199,2484583.98,1.50389641929687,1087995,101.649475867481,95.2000115414938,70.1838422,110.9,3.40001562507181,5.0,93.7833037300178,1.2708632095678,0.000879608821731718,84.2,37.3,21,90.4761904761905,88.7832699619772,93.7833037300178,96.8369829683698,15.9811222326749,129.76,162.45,957.01,33.2995475491374,13634.11,68.41,55.0065779856746,0.000268576601914531,1.01419363999168,1661,545,9.0,4.6,3.04770642201835,73.1,35.9633027522936,0.917431192660551,1,91.3,1996.32110091743,95.8,6,1,83.3333333333333,92.8,3,2,82.9,94.1,8112345.05,4035891.66,5252743.42,2048367.12,49199235.2,32714510.5,1070340,1178357,1121796,88.3,85.1,93.4,36992,58917.85,563,528,9575001.84,19,526,467,528,398,126905121.71,318.68,37.63,197201,196,5,5
2026-08-01,2026,8,3,20359095.03,0.385744982675693,41.1999999884081,17.8999999981826,25.4000000116901,11.300000007908,1452770.72,1.48581110999737,1102615,100.875628062548,96.0999984635582,73.7479218,107.41,3.79996644340953,3.89999982928424,93.9508506616257,1.28559109144297,0.000804768663586111,84.2,41.0,22,90.9090909090909,86.9565217391304,93.9508506616257,99.748743718593,14.6061624816764,127.69,163.08,887.35,31.5997069927312,13631.24,55.28,50.1085383502171,0.000263709454342631,0.984431220251719,1213,555,7.8,3.9,2.18558558558559,77.7,36.9369369369369,0.720720720720721,1,92.3,1986.69369369369,98.4,2,1,100.0,91.6,1,0,82.1,93.7,8387947.15,3644278.01,5171210.14,2300577.74,47640261.11,32063470.78,1093044,1171538,1125848,92.9,86.1,92.2,41899,45689.98,529,497,9311785.03,20,483,420,497,397,139387022.81,280.4,27.7,203163,205,4,2
2026-09-01,2026,9,3,18920308.38,-7.06704619178745,42.2999999749476,18.4999999984144,25.2999999992601,10.9999999904864,2229720.86,1.48530649462597,1004806,92.2187244743436,94.8000269535725,75.3430678,76.24,3.20002070051333,4.0,93.6863543788187,1.04497953930648,0.00092754223203285,84.8,41.2,14,85.7142857142857,87.4186550976139,96.1303462321792,104.534005037783,16.6452591580494,114.18,150.04,932.0,32.3004291845494,11842.32,46.54,60.0988397077783,0.000262956232347339,3.93503261158277,1106,547,8.4,4.4,2.02193784277879,75.5,36.563071297989,0.731261425959781,4,96.2,1836.93967093236,92.6,0,2,0.0,95.7,0,0,84.7,94.4,8003290.44,3500257.05,4786838.02,2081233.92,48929026.79,32942040.56,1089590,1113025,1055148,90.2,87.1,95.9,32154,44521.0,491,460,10447111.67,12,461,403,472,415,113667851.01,301.04,27.97,203302,200,4,0
2026-10-01,2026,10,4,17449208.02,-7.77524515168605,39.2999999893405,16.5999999924352,23.8000000071063,11.3000000214336,2223969.95,1.56934373619459,968523,89.1641234550853,92.4000459183531,70.969248,118.0,4.50004801125012,3.29999990667001,88.5436893203884,1.10218680909651,0.000927608327319021,83.5,41.8,18,88.8888888888889,92.3580786026201,92.2330097087379,98.0722891566265,14.84042067273,129.59,157.0,898.41,32.599815229127,12372.02,55.56,59.5032397408207,0.00029590417573976,0.0,910,552,7.7,3.6,1.64855072463768,78.7,40.036231884058,0.72463768115942,0,89.8,1754.57065217391,99.4,1,1,100.0,93.9,1,0,88.5,93.8,6857538.75,2896568.53,4152911.51,1971760.51,50686477.02,32297880.86,1086225,1071467,990036,88.2,85.6,94.0,43584,35358.41,515,456,9609686.11,16,458,423,475,407,117578931.25,292.88,33.06,201997,221,4,1
2026-11-01,2026,11,4,17709033.64,1.48903961544956,42.5000000169405,17.2000000221356,26.4999999740246,8.79999999819301,1976679.47,1.55409417063372,961571,88.4173136178355,93.3000192645608,76.62612,111.71,3.10003109494775,4.0,92.4686192468619,1.09258683780172,0.000996400681800928,83.8,39.6,25,84.0,89.1252955082742,96.4435146443515,102.702702702703,14.5400363652064,116.48,145.77,958.11,35.3999018901796,13741.93,59.24,64.5003376097232,0.000272730770790716,2.94312412626003,1198,550,9.4,3.2,2.17818181818182,78.5,35.4545454545455,1.09090909090909,3,90.4,1748.31090909091,97.9,2,0,50.0,95.7,0,0,83.3,94.4,7526339.3,3045953.79,4692893.91,1558394.96,51746521.92,33296902.4,1087537,1027794,958932,90.8,87.0,97.0,29809,41111.76,478,442,9319803.23,21,423,377,461,418,121794974.89,339.17,38.21,203865,195,6,1
2026-12-01,2026,12,4,17224292.07,-2.73725591048118,40.5999999975616,18.3000000069089,26.1999999864145,12.5999999952393,2415291.72,1.58097761882434,903222,82.0902698315609,95.2000214156715,76.706352,134.34,2.20001284291127,3.60000019121135,92.8166351606805,1.08311936550781,0.00107910347622179,87.4,44.4,24,91.6666666666667,89.2938496583143,96.2192816635161,98.5645933014354,13.2961502704187,124.85,158.72,974.67,34.4003611478757,13291.78,50.01,60.4079184163167,0.000313953823091112,0.0,988,558,8.3,3.9,1.77060931899642,79.3,38.1720430107527,1.0752688172043,0,93.9,1618.67741935484,97.9,4,1,75.0,95.9,0,1,85.5,92.8,6993062.58,3152045.45,4512764.52,2170260.8,50136751.82,31712499.42,1100279,1045963,995757,90.5,86.4,98.1,19871,37654.67,529,491,9446077.52,22,439,392,509,412,129543452.2,335.29,30.21,205015,213,6,3
