Date,Year,Month,Product Category,Revenue (GHS)
2024-01-01,2024,1,Household Care,4616032.7
2024-01-01,2024,1,Personal Care,3493172.15
2024-01-01,2024,1,Food & Beverage Packaged Goods,3061294.06
2024-01-01,2024,1,Beverages,2414077.14
2024-02-01,2024,2,Household Care,4815877.43
2024-02-01,2024,2,Personal Care,3883951.56
2024-02-01,2024,2,Food & Beverage Packaged Goods,3328349.53
2024-02-01,2024,2,Beverages,2533212.14
2024-03-01,2024,3,Household Care,4888518.31
2024-03-01,2024,3,Personal Care,3803287.76
2024-03-01,2024,3,Food & Beverage Packaged Goods,3296960.35
2024-03-01,2024,3,Beverages,2607773.92
2024-04-01,2024,4,Household Care,5037866.87
2024-04-01,2024,4,Personal Care,4227506.37
2024-04-01,2024,4,Food & Beverage Packaged Goods,3330786.37
2024-04-01,2024,4,Beverages,2462461.14
2024-05-01,2024,5,Household Care,5533820.0
2024-05-01,2024,5,Personal Care,4286783.74
2024-05-01,2024,5,Food & Beverage Packaged Goods,3696089.94
2024-05-01,2024,5,Beverages,2840573.22
2024-06-01,2024,6,Household Care,5536876.11
2024-06-01,2024,6,Personal Care,4431136.03
2024-06-01,2024,6,Food & Beverage Packaged Goods,3820222.63
2024-06-01,2024,6,Beverages,2900855.99
2024-07-01,2024,7,Household Care,5558541.47
2024-07-01,2024,7,Personal Care,4562100.85
2024-07-01,2024,7,Food & Beverage Packaged Goods,3750567.03
2024-07-01,2024,7,Beverages,3051092.89
2024-08-01,2024,8,Household Care,5373645.69
2024-08-01,2024,8,Personal Care,4449295.25
2024-08-01,2024,8,Food & Beverage Packaged Goods,3795561.76
2024-08-01,2024,8,Beverages,2780701.11
2024-09-01,2024,9,Household Care,5142517.32
2024-09-01,2024,9,Personal Care,4206306.1
2024-09-01,2024,9,Food & Beverage Packaged Goods,3498313.05
2024-09-01,2024,9,Beverages,3006442.95
2024-10-01,2024,10,Household Care,4872600.28
2024-10-01,2024,10,Personal Care,3955640.09
2024-10-01,2024,10,Food & Beverage Packaged Goods,3063957.63
2024-10-01,2024,10,Beverages,2770026.72
2024-11-01,2024,11,Household Care,4782125.88
2024-11-01,2024,11,Personal Care,4001365.64
2024-11-01,2024,11,Food & Beverage Packaged Goods,2955071.48
2024-11-01,2024,11,Beverages,2615196.82
2024-12-01,2024,12,Household Care,4737886.23
2024-12-01,2024,12,Personal Care,4015185.18
2024-12-01,2024,12,Food & Beverage Packaged Goods,3207108.75
2024-12-01,2024,12,Beverages,2664663.84
2025-01-01,2025,1,Household Care,4958928.41
2025-01-01,2025,1,Personal Care,4132002.01
2025-01-01,2025,1,Food & Beverage Packaged Goods,3216386.33
2025-01-01,2025,1,Beverages,2829187.26
2025-02-01,2025,2,Household Care,4974012.03
2025-02-01,2025,2,Personal Care,4392011.02
2025-02-01,2025,2,Food & Beverage Packaged Goods,3329143.59
2025-02-01,2025,2,Beverages,2858293.07
2025-03-01,2025,3,Household Care,5377700.2
2025-03-01,2025,3,Personal Care,4903972.27
2025-03-01,2025,3,Food & Beverage Packaged Goods,3403939.24
2025-03-01,2025,3,Beverages,3275729.19
2025-04-01,2025,4,Household Care,5636820.05
2025-04-01,2025,4,Personal Care,5069398.53
2025-04-01,2025,4,Food & Beverage Packaged Goods,3924337.52
2025-04-01,2025,4,Beverages,3555012.37
2025-05-01,2025,5,Household Care,6104501.31
2025-05-01,2025,5,Personal Care,5329429.21
2025-05-01,2025,5,Food & Beverage Packaged Goods,3849718.86
2025-05-01,2025,5,Beverages,3409597.29
2025-06-01,2025,6,Household Care,6563714.46
2025-06-01,2025,6,Personal Care,5539727.95
2025-06-01,2025,6,Food & Beverage Packaged Goods,3938989.21
2025-06-01,2025,6,Beverages,3551466.2
2025-07-01,2025,7,Household Care,5571608.19
2025-07-01,2025,7,Personal Care,5123041.9
2025-07-01,2025,7,Food & Beverage Packaged Goods,3791915.3
2025-07-01,2025,7,Beverages,3546549.7
2025-08-01,2025,8,Household Care,5745261.95
2025-08-01,2025,8,Personal Care,5167637.66
2025-08-01,2025,8,Food & Beverage Packaged Goods,3940988.32
2025-08-01,2025,8,Beverages,3451052.58
2025-09-01,2025,9,Household Care,5344381.93
2025-09-01,2025,9,Personal Care,4565239.32
2025-09-01,2025,9,Food & Beverage Packaged Goods,3404557.88
2025-09-01,2025,9,Beverages,3140402.18
2025-10-01,2025,10,Household Care,5250433.59
2025-10-01,2025,10,Personal Care,4953895.86
2025-10-01,2025,10,Food & Beverage Packaged Goods,3510850.22
2025-10-01,2025,10,Beverages,3352304.75
2025-11-01,2025,11,Household Care,4749727.15
2025-11-01,2025,11,Personal Care,4264926.92
2025-11-01,2025,11,Food & Beverage Packaged Goods,3180937.35
2025-11-01,2025,11,Beverages,2884890.94
2025-12-01,2025,12,Household Care,4989864.1
2025-12-01,2025,12,Personal Care,4552347.86
2025-12-01,2025,12,Food & Beverage Packaged Goods,3063168.36
2025-12-01,2025,12,Beverages,2931453.65
2026-01-01,2026,1,Household Care,5067740.79
2026-01-01,2026,1,Personal Care,4634302.24
2026-01-01,2026,1,Food & Beverage Packaged Goods,3559986.2
2026-01-01,2026,1,Beverages,3189067.14
2026-02-01,2026,2,Household Care,5110843.61
2026-02-01,2026,2,Personal Care,4938587.47
2026-02-01,2026,2,Food & Beverage Packaged Goods,3358282.8
2026-02-01,2026,2,Beverages,3421326.94
2026-03-01,2026,3,Household Care,5373338.94
2026-03-01,2026,3,Personal Care,5049335.29
2026-03-01,2026,3,Food & Beverage Packaged Goods,3493124.48
2026-03-01,2026,3,Beverages,3505289.16
2026-04-01,2026,4,Household Care,6294427.41
2026-04-01,2026,4,Personal Care,5315402.56
2026-04-01,2026,4,Food & Beverage Packaged Goods,4141147.25
2026-04-01,2026,4,Beverages,4028534.6
2026-05-01,2026,5,Household Care,6062466.4
2026-05-01,2026,5,Personal Care,5449933.1
2026-05-01,2026,5,Food & Beverage Packaged Goods,4108859.61
2026-05-01,2026,5,Beverages,3947969.99
2026-06-01,2026,6,Household Care,6130085.96
2026-06-01,2026,6,Personal Care,5686088.5
2026-06-01,2026,6,Food & Beverage Packaged Goods,4350889.65
2026-06-01,2026,6,Beverages,3980189.3
2026-07-01,2026,7,Household Care,5948853.47
2026-07-01,2026,7,Personal Care,5817109.91
2026-07-01,2026,7,Food & Beverage Packaged Goods,4128392.94
2026-07-01,2026,7,Beverages,4386506.3
2026-08-01,2026,8,Household Care,6278740.63
2026-08-01,2026,8,Personal Care,5844546.63
2026-08-01,2026,8,Food & Beverage Packaged Goods,4352439.81
2026-08-01,2026,8,Beverages,3883367.96
2026-09-01,2026,9,Household Care,5813678.83
2026-09-01,2026,9,Personal Care,5461154.22
2026-09-01,2026,9,Food & Beverage Packaged Goods,3871782.96
2026-09-01,2026,9,Beverages,3773692.37
2026-10-01,2026,10,Household Care,5499505.0
2026-10-01,2026,10,Personal Care,5107453.12
2026-10-01,2026,10,Food & Beverage Packaged Goods,3322020.17
2026-10-01,2026,10,Beverages,3520229.73
2026-11-01,2026,11,Household Care,5080478.76
2026-11-01,2026,11,Personal Care,4972481.0
2026-11-01,2026,11,Food & Beverage Packaged Goods,3682298.38
2026-11-01,2026,11,Beverages,3973775.49
2026-12-01,2026,12,Household Care,5369657.55
2026-12-01,2026,12,Personal Care,4945241.12
2026-12-01,2026,12,Food & Beverage Packaged Goods,3154583.45
2026-12-01,2026,12,Beverages,3754809.96
